,TREND_sonel,SITE
0,0.0366661796909482,AKSE
1,0.0833655713303463,AKSI
2,0.006837674931738605,ANC2
3,0.049872821528852834,JNU1
4,0.06280626900931338,KEN5
5,0.02523198027435439,NUUK
6,0.012779298946339106,TBON
